<?xml version="1.0" encoding="utf-8"?>
<!DOCTYPE library PUBLIC "-//Boost//DTD BoostBook XML V1.0//EN" 
"../../../tools/boostbook/dtd/boostbook.dtd">

<section id="tr1.array">
   <title>Fixed Size Array.</title>

   <programlisting>#include &lt;boost/tr1/array.hpp&gt;</programlisting>
   <para>or</para>
   <programlisting>#include &lt;array&gt;</programlisting>

   <para>Class template array is a fixed size array that is safer than and no
   less efficient than a C style array.  Class array fulfils almost all of the
   requirements of a reversible-container (see Section 23.1, 
   [lib.container.requirements] of the C++ Standard).  For more information refer
   to the <ulink url="../../libs/array/index.html">Boost.Array documentation</ulink>.

   </para>
   
   <programlisting>
namespace std {
namespace tr1 {

// [6.2.2] Class template array
template &lt;class T, size_t N &gt; struct array;

// Array comparisons
template &lt;class T, size_t N&gt; bool operator== (const array&lt;T,N&gt;&amp; x, const array&lt;T,N&gt;&amp; y);
template &lt;class T, size_t N&gt; bool operator&lt; (const array&lt;T,N&gt;&amp; x, const array&lt;T,N&gt;&amp; y);
template &lt;class T, size_t N&gt; bool operator!= (const array&lt;T,N&gt;&amp; x, const array&lt;T,N&gt;&amp; y);
template &lt;class T, size_t N&gt; bool operator&gt; (const array&lt;T,N&gt;&amp; x, const array&lt;T,N&gt;&amp; y);
template &lt;class T, size_t N&gt; bool operator&gt;= (const array&lt;T,N&gt;&amp; x, const array&lt;T,N&gt;&amp; y);
template &lt;class T, size_t N&gt; bool operator&lt;= (const array&lt;T,N&gt;&amp; x, const array&lt;T,N&gt;&amp; y);

// [6.2.2.2] Specialized algorithms
template &lt;class T, size_t N &gt; void swap(array&lt;T,N&gt;&amp; x, array&lt;T,N&gt;&amp; y);

// [6.2.2.5] Tuple interface to class template array
template &lt;class T&gt; class tuple_size; // forward declaration
template &lt;int I, class T&gt; class tuple_element; // forward declaration
template &lt;class T, size_t N&gt; struct tuple_size&lt;array&lt;T, N&gt; &gt;;
template &lt;int I, class T, size_t N&gt; struct tuple_element&lt;I, array&lt;T, N&gt; &gt;;
template &lt;int I, class T, size_t N&gt; T&amp; get( array&lt;T, N&gt;&amp;);
template &lt;int I, class T, size_t N&gt; const T&amp; get(const array&lt;T, N&gt;&amp;);

} // namespace tr1
} // namespace std
   </programlisting>

   <para><emphasis role="bold">Configuration:</emphasis>
   Define the macro BOOST_HAS_TR1_ARRAY if your
   standard library implements this part of TR1.</para>

   <para><emphasis role="bold">Standard Conformity:</emphasis> 
   The Boost implementation does not support zero-sized arrarys.
   There is no non-constant data() member function in the Boost implementation.</para>
</section>
