<?xml version="1.0" encoding="utf-8"?>
<!DOCTYPE library PUBLIC "-//Boost//DTD BoostBook XML V1.0//EN" 
"../../../tools/boostbook/dtd/boostbook.dtd">

<section id="tr1.bind">
   <title>Function Object Binders.</title>

   <programlisting>#include &lt;boost/tr1/functional.hpp&gt;</programlisting>
   <para>or</para>
   <programlisting>#include &lt;functional&gt;</programlisting>

   <para><code>std::tr1::bind</code> is a generalization of the standard functions <code>std::bind1st</code>
			and <code>std::bind2nd</code>. It supports arbitrary function objects, functions, 
			function pointers, and member function pointers, and is able to bind any 
			argument to a specific value or route input arguments into arbitrary positions. <code>bind</code>
			does not place any requirements on the function object; in particular, it does 
			not need the <code>result_type</code>, <code>first_argument_type</code> and <code>second_argument_type</code>
			standard typedefs.
			For more information refer to the <ulink url="../../libs/bind/bind.html">
			Boost.Bind documentation</ulink>.
</para>
   
   <programlisting>
namespace std {
namespace tr1 {

// [3.6] Function object binders
template&lt;class T&gt; struct is_bind_expression;
template&lt;class T&gt; struct is_placeholder;
template&lt;class F, class T1, ..., class Tn &gt; unspecified bind(F f, T1 t1, ..., Tn tn );
template&lt;class R, class F, class T1, ..., class Tn &gt; unspecified bind(F f, T1 t1, ..., Tn tn );

namespace placeholders {
   // M is the implementation-defined number of placeholders
   extern unspecified _1;
   extern unspecified _2;
   .
   .
   .
   extern unspecified _M;
}

} // namespace tr1
} // namespace std
   </programlisting>

   <para><emphasis role="bold">Configuration:</emphasis>
   Define the macro BOOST_HAS_TR1_BIND if your
   standard library implements this part of TR1.</para>

   <para><emphasis role="bold">Standard Conformity:</emphasis> 
   The traits classes <code>is_placeholder</code> and <code>is_bind_expression</code> are not supported
   by the Boost implementation.</para>
</section>
