<?xml version="1.0" encoding="utf-8"?>
<!DOCTYPE library PUBLIC "-//Boost//DTD BoostBook XML V1.0//EN" 
"../../../tools/boostbook/dtd/boostbook.dtd">

<section id="tr1.complex_trig">
   <title>Complex Number Additional Algorithms.</title>

   <programlisting>#include &lt;boost/tr1/complex.hpp&gt;</programlisting>
   <para>or</para>
   <programlisting>#include &lt;complex&gt;</programlisting>

   <para>The algorithms <code>acos</code>, <code>asin</code>, <code>atan</code>, 
   <code>acosh</code>, <code>asinh</code>, <code>atanh</code> and <code>fabs</code>
    are overloaded 
   for arguments of type <code>std::complex&lt;T&gt;</code>.  
   These algorithms are entirely
   classical, and behave as specified in the C99 standard section 7.3.5.</para>
   
   <programlisting>
namespace std {
namespace tr1 {

template&lt;class T&gt; complex&lt;T&gt; acos(complex&lt;T&gt;&amp; x);
template&lt;class T&gt; complex&lt;T&gt; asin(complex&lt;T&gt;&amp; x);
template&lt;class T&gt; complex&lt;T&gt; atan(complex&lt;T&gt;&amp; x);
template&lt;class T&gt; complex&lt;T&gt; acosh(complex&lt;T&gt;&amp; x);
template&lt;class T&gt; complex&lt;T&gt; asinh(complex&lt;T&gt;&amp; x);
template&lt;class T&gt; complex&lt;T&gt; atanh(complex&lt;T&gt;&amp; x);
template&lt;class T&gt; complex&lt;T&gt; fabs(complex&lt;T&gt;&amp; x);

} // namespace tr1
} // namespace std
   </programlisting>

   <para><emphasis role="bold">Configuration:</emphasis>
   Define the macro BOOST_HAS_TR1_COMPLEX_INVERSE_TRIG
   if your standard library implements the additional inverse trig functions.</para>

   <para><emphasis role="bold">Standard Conformity:</emphasis> 
   No known problems.</para>
</section>
