<?xml version="1.0" encoding="utf-8"?>
<!DOCTYPE library PUBLIC "-//Boost//DTD BoostBook XML V1.0//EN" 
"../../../tools/boostbook/dtd/boostbook.dtd">

<section id="tr1.complex">
   <title>Complex Number Algorithm Overloads.</title>

   <programlisting>#include &lt;boost/tr1/complex.hpp&gt;</programlisting>
   <para>or</para>
   <programlisting>#include &lt;complex&gt;</programlisting>

   <para>The following function templates have additional overloads: 
   <code>arg</code>, <code>norm</code>, <code>conj</code>, <code>polar</code>, <code>imag</code>, and <code>real</code>.</para><para>The additional 
   overloads are sufficient to ensure:</para>
   <itemizedlist>
   <listitem>If the argument has type <code>long double</code>, then the overload behaves as if 
   the argument had been cast to <code>std::complex&lt;long double&gt;</code>.</listitem>
   <listitem>Otherwise, if the argument has type <code>double</code> or is an integer type, 
   then the overload behaves as if 
   the argument had been cast to <code>std::complex&lt;double&gt;</code>.</listitem>
   <listitem>Otherwise, if the argument has type <code>float</code>, then the overload 
   behaves as if 
   the argument had been cast to <code>std::complex&lt;float&gt;</code>.</listitem>
   </itemizedlist>
   <para>The function template <code>pow</code> has additional overloads sufficient to ensure, 
   for a call with at least one argument of type <code>std::complex&lt;T&gt;</code>:</para>
   <itemizedlist>
   <listitem>If either argument has type <code>complex&lt;long double&gt;</code> or type 
   <code>long double</code>, then the overload behaves as if both arguments were cast
   to <code>std::complex&lt;long double&gt;</code></listitem>
   <listitem>Otherwise, if either argument has type <code>complex&lt;double&gt;</code>, <code>double</code>, 
   or an integer type, then the overload behaves as if both arguments were cast
   to <code>std::complex&lt;double&gt;</code></listitem>
   <listitem>Otherwise, if either argument has type <code>complex&lt;float&gt;</code> or <code>float</code>, 
   then the overload behaves as if both arguments were cast
   to <code>std::complex&lt;float&gt;</code></listitem>
   </itemizedlist>
   <para>In the following synopsis, <code>Real</code> is a floating point type,
   <code>Arithmetic</code> is an integer or floating point type, and <code>
   PROMOTE(X1 ... XN)</code> is the largest floating point type in the list
   X1 to XN, after any non-floating point types in the list have been replaced by
   the type <code>double</code>.</para>
   <programlisting>
template &lt;class Arithmetic&gt;
PROMOTE(Arithmetic) arg(const Arithmetic&amp; t);

template &lt;class Arithmetic&gt;
PROMOTE(Arithmetic) norm(const Arithmetic&amp; t);

template &lt;class Arithmetic&gt;
complex&lt;PROMOTE(Arithmetic)&gt; conj(const Arithmetic&amp; t);

template &lt;class Arithmetic1, class Arithmetic2&gt;
complex&lt;PROMOTE(Arithmetic1,Arithmetic2)&gt; polar(const Arithmetic1&amp; rho, const Arithmetic2&amp; theta = 0);

template &lt;class Arithmetic&gt;
PROMOTE(Arithmetic) imag(const Arithmetic&amp; );

template &lt;class Arithmetic&gt;
PROMOTE(Arithmetic) real(const Arithmetic&amp; t);

template&lt;class Real1, class Real2&gt;
complex&lt;PROMOTE(Real1, Real2)&gt; 
   pow(const complex&lt;Real1&gt;&amp; x, const complex&lt;Real2&gt;&amp; y);
   
template&lt;class Real, class Arithmetic&gt; 
complex&lt;PROMOTE(Real, Arithmetic)&gt; 
   pow (const complex&lt;Real&gt;&amp; x, const Arithmetic&amp; y);

template&lt;class Arithmetic, class Real&gt; 
complex&lt;PROMOTE(Real, Arithmetic)&gt; 
   pow (const Arithmetic&amp; x, const complex&lt;Real&gt;&amp; y);
</programlisting>
   
   <para><emphasis role="bold">Configuration:</emphasis>
   Define the macro BOOST_HAS_TR1_COMPLEX_OVERLOADS if your
   standard library implements the additional overloads for the existing
   complex arithmetic functions.  </para>

   <para><emphasis role="bold">Standard Conformity:</emphasis> 
   No known problems.</para>
</section>

