<?xml version="1.0" encoding="utf-8"?>
<!DOCTYPE library PUBLIC "-//Boost//DTD BoostBook XML V1.0//EN" 
"../../../tools/boostbook/dtd/boostbook.dtd">

<section id="tr1.function">
   <title>Polymorphic function wrappers.</title>

   <programlisting>#include &lt;boost/tr1/functional.hpp&gt;</programlisting>
   <para>or</para>
   <programlisting>#include &lt;functional&gt;</programlisting>

   <para>The polymorphic function wrappers are a family of class templates
that may be used as a generalized callback mechanism. 
A polymorphic function wrapper shares features with function pointers, in
that both define a call interface (for example a function taking two integer
arguments and returning a floating-point value) through which some
arbitrary code may be called. However a polymorphic function wrapper can call
any callable object with a compatible call signature, this could be a function 
pointer, or it could be a function object produced by std::tr1::bind, or some
other mechanism.  For more information see the <ulink url="../../doc/html/function.html">
Boost.Function documentation</ulink>.
</para>
   
   <programlisting>
namespace std {
namespace tr1 {

// [3.7] polymorphic function wrappers
class bad_function_call;

template&lt;class Function&gt; 
class function;

template&lt;class Function&gt;
void swap(function&lt;Function&gt;&amp;, function&lt;Function&gt;&amp;);

template&lt;class Function1, class Function2&gt;
void operator==(const function&lt;Function1&gt;&amp;, const function&lt;Function2&gt;&amp;);
template&lt;class Function1, class Function2&gt;
void operator!=(const function&lt;Function1&gt;&amp;, const function&lt;Function2&gt;&amp;);
template &lt;class Function&gt;
bool operator==(const function&lt;Function&gt;&amp;, unspecified-null-pointer-type );
template &lt;class Function&gt;
bool operator==(unspecified-null-pointer-type , const function&lt;Function&gt;&amp;);
template &lt;class Function&gt;
bool operator!=(const function&lt;Function&gt;&amp;, unspecified-null-pointer-type );
template &lt;class Function&gt;
bool operator!=(unspecified-null-pointer-type , const function&lt;Function&gt;&amp;);

} // namespace tr1
} // namespace std
   </programlisting>

   <para><emphasis role="bold">Configuration:</emphasis>
   Define the macro BOOST_HAS_TR1_FUNCTION if your
   standard library implements this part of TR1.</para>

   <para><emphasis role="bold">Standard Conformity:</emphasis> 
   The Boost version of <code>std::tr1::function</code> lacks the member function
   <code>target_type()</code> and does not inherit from <code>std::unary_function</code>
   or <code>std::binary_function</code> when applicable.</para>
</section>
