<?xml version="1.0" encoding="utf-8"?>
<!DOCTYPE library PUBLIC "-//Boost//DTD BoostBook XML V1.0//EN" 
"../../../tools/boostbook/dtd/boostbook.dtd">

<section id="tr1.hash">
   <title>Hash Function Objects.</title>

   <programlisting>#include &lt;boost/tr1/functional.hpp&gt;</programlisting>
   <para>or</para>
   <programlisting>#include &lt;functional&gt;</programlisting>

   <para>Class template std::hash is a unary-functor that converts some type T 
   into a hash-value,
   specializations of std::hash are provided for integer, character, floating point, 
   and pointer types, plus the two string types std::string and std::wstring.</para>
   
   <programlisting>
namespace std {
namespace tr1 {

template &lt;class T&gt; 
struct hash : public unary_function&lt;T, size_t&gt;
{
   size_t operator()(T val)const;
};

// Hash function specializations
template &lt;&gt; struct hash&lt;bool&gt;;
template &lt;&gt; struct hash&lt;char&gt;;
template &lt;&gt; struct hash&lt;signed char&gt;;
template &lt;&gt; struct hash&lt;unsigned char&gt;;
template &lt;&gt; struct hash&lt;wchar_t&gt;;
template &lt;&gt; struct hash&lt;short&gt;;
template &lt;&gt; struct hash&lt;int&gt;;
template &lt;&gt; struct hash&lt;long&gt;;
template &lt;&gt; struct hash&lt;unsigned short&gt;;
template &lt;&gt; struct hash&lt;unsigned int&gt;;
template &lt;&gt; struct hash&lt;unsigned long&gt;;
template &lt;&gt; struct hash&lt;float&gt;;
template &lt;&gt; struct hash&lt;double&gt;;
template &lt;&gt; struct hash&lt;long double&gt;;
template&lt;class T&gt; struct hash&lt;T*&gt;;
template &lt;&gt; struct hash&lt;std::string&gt;;
template &lt;&gt; struct hash&lt;std::wstring&gt;;

} // namespace tr1
} // namespace std
   </programlisting>

   <para><emphasis role="bold">Configuration:</emphasis>
   Define the macro BOOST_HAS_TR1_HASH if your
   standard library implements this part of TR1.</para>

   <para><emphasis role="bold">Standard Conformity:</emphasis> 
   No known problems.</para>
</section>
