<?xml version="1.0" encoding="utf-8"?>
<!DOCTYPE library PUBLIC "-//Boost//DTD BoostBook XML V1.0//EN" 
"../../../tools/boostbook/dtd/boostbook.dtd">

<section id="tr1.mem_fn">
   <title>Function template mem_fn.</title>

   <programlisting>#include &lt;boost/tr1/functional.hpp&gt;</programlisting>
   <para>or</para>
   <programlisting>#include &lt;functional&gt;</programlisting>

   <para><code>std::tr1::mem_fn</code> is a generalization of the standard functions <code>std::mem_fun</code>
			and <code>std::mem_fun_ref</code>. It supports member function pointers with more 
			than one argument, and the returned function object can take a pointer, a 
			reference, or a smart pointer to an object instance as its first argument. <code>mem_fn</code>
			also supports pointers to data members by treating them as functions taking no 
			arguments and returning a (const) reference to the member.
			For more information refer to the <ulink url="../../libs/bind/mem_fn.html">
			Boost.Mem_fn documentation</ulink>.
</para>
   
   <programlisting>
namespace std {
namespace tr1 {

template &lt;class R, class T&gt; unspecified mem_fn(R T::* pm);

} // namespace tr1
} // namespace std
   </programlisting>

   <para><emphasis role="bold">Configuration:</emphasis>
   Define the macro BOOST_HAS_TR1_MEM_FN if your
   standard library implements this part of TR1.</para>

   <para><emphasis role="bold">Standard Conformity:</emphasis> 
   The Boost implementation does not produce functors that inherit from
   std::unary_function or std::binary_function, nor does it function
   correctly with pointers to volatile member functions (these should
   be extremely rare in practice however).</para>
</section>
