<?xml version="1.0" encoding="utf-8"?>
<!DOCTYPE library PUBLIC "-//Boost//DTD BoostBook XML V1.0//EN" 
"../../../tools/boostbook/dtd/boostbook.dtd">

<section id="tr1.random">
   <title>Random Number Generators and Distributions.</title>

   <programlisting>#include &lt;boost/tr1/random.hpp&gt;</programlisting>
   <para>or</para>
   <programlisting>#include &lt;random&gt;</programlisting>

   <para>The random number library is devided into three parts: 
   <ulink url="../../libs/random/random-generators.html">generators</ulink>, which
   are nullary functors producing uniform random number distributions.  
   <ulink url="../../libs/random/random-distributions.html">Distributions</ulink>, which are unary 
   functors that adapt a generator to some
   specific kind of distribution.  And the class template 
   <ulink url="../../libs/random/random-variate.html">variate_generator</ulink>
   which combines a generator with a distribution, to create a new generator.
   For more information see the <ulink url="../../libs/random/index.html">Boost.Randon documentation</ulink>.</para>
   
   <programlisting>
namespace std {
namespace tr1 {

// [5.1.3] Class template variate_generator
template&lt;class UniformRandomNumberGenerator, class Distribution&gt;
class variate_generator;

// [5.1.4.1] Class template linear_congruential
template&lt;class IntType, IntType a, IntType c, IntType m&gt;
class linear_congruential;

// [5.1.4.2] Class template mersenne_twister
template&lt;class UIntType, int w, int n, int m, int r,
UIntType a, int u, int s, UIntType b, int t, UIntType c, int l&gt;
class mersenne_twister;

// [5.1.4.3] Class template substract_with_carry
template&lt;class IntType, IntType m, int s, int r&gt;
class subtract_with_carry;

// [5.1.4.4] Class template substract_with_carry_01
template&lt;class RealType, int w, int s, int r&gt;
class subtract_with_carry_01;

// [5.1.4.5] Class template discard_block
template&lt;class UniformRandomNumberGenerator, int p, int r&gt;
class discard_block;

// [5.1.4.6] Class template xor_combine
template&lt;class UniformRandomNumberGenerator1, int s1,
class UniformRandomNumberGenerator2, int s2&gt;
class xor_combine;

// [5.1.6] Class random_device
class random_device;

// [5.1.7.1] Class template uniform_int
template&lt;class IntType = int&gt;
class uniform_int;

// [5.1.7.2] Class bernoulli_distribution
class bernoulli_distribution;

// [5.1.7.3] Class template geometric_distribution
template&lt;class IntType = int, class RealType = double&gt;
class geometric_distribution;

// [5.1.7.4] Class template poisson_distribution
template&lt;class IntType = int, class RealType = double&gt;
class poisson_distribution;

// [5.1.7.5] Class template binomial_distribution
template&lt;class IntType = int, class RealType = double&gt;
class binomial_distribution;

// [5.1.7.6] Class template uniform_real
template&lt;class RealType = double&gt;
class uniform_real;

// [5.1.7.7] Class template exponential_distribution
template&lt;class RealType = double&gt;
class exponential_distribution;

// [5.1.7.8] Class template normal_distribution
template&lt;class RealType = double&gt;
class normal_distribution;

// [5.1.7.9] Class template gamma_distribution
template&lt;class RealType = double&gt;
class gamma_distribution;

} // namespace tr1
} // namespace std
   </programlisting>

   <para><emphasis role="bold">Configuration:</emphasis>
   Define the macro BOOST_HAS_TR1_RANDOM if your
   standard library implements this part of TR1.</para>

   <para><emphasis role="bold">Standard Conformity:</emphasis> 
   The Boost implementation has the following limitations:</para>
   <para>The linear_congruential generator is fully supported for 
   signed integer types only (unsigned types probably only work when 
   the modulus is zero).</para>
   <para>The subtract_with_carry template does not support a modulus of zero.</para>
   <para>Not all of the standard generator types have Boost documentation yet, they are
   none the less supported however.</para>
   <para>Class template variate_generator does not have a template unary function call operator(), 
   only the non-template nullary version</para>
   <para>Note also that most of the Random number generators have been re-implemented 
   as thin wrappers around the Boost versions in order to
   provide a standard conforming interface (the Boost versions all take an additional,
   redundant, template parameter, and are initialized by iterators rather than functors).</para>
</section>
