<?xml version="1.0" encoding="utf-8"?>
<!DOCTYPE library PUBLIC "-//Boost//DTD BoostBook XML V1.0//EN" 
"../../../tools/boostbook/dtd/boostbook.dtd">

<section id="tr1.ref">
   <title>Reference Wrappers</title>
   
   <programlisting>#include &lt;boost/tr1/functional.hpp&gt;</programlisting>
   <para>or</para>
   <programlisting>#include &lt;functional&gt;</programlisting>
   
   <para>The Ref library is a small library that is useful for passing
   references to function templates (algorithms) that would usually
   take copies of their arguments. It defines the class template
   <code>reference_wrapper&lt;T&gt;</code>,
   and the two functions
   <code>ref</code> and
   <code>cref</code> that return
   instances of <code>reference_wrapper&lt;T&gt;</code>.
   <ulink url="../../doc/html/ref.html">Refer to Boost.Bind for more information.</ulink>
   </para>
   <programlisting>
namespace std {
namespace tr1 {

template &lt;class T&gt; class reference_wrapper;

template &lt;class T&gt; reference_wrapper&lt;T&gt; ref(T&amp;);
template &lt;class T&gt; reference_wrapper&lt;const T&gt; cref(const T&amp;);
template &lt;class T&gt; reference_wrapper&lt;T&gt; ref(reference_wrapper&lt;T&gt;);
template &lt;class T&gt; reference_wrapper&lt;const T&gt; cref(reference_wrapper&lt;T&gt;);

} // namespace tr1
} // namespace std
   </programlisting>

   <para><emphasis role="bold">Configuration:</emphasis> Define the macro BOOST_HAS_TR1_REFERENCE_WRAPPER if your
   standard library implements this part of TR1.</para>

   <para><emphasis role="bold">Standard Conformity:</emphasis>
   The Boost version of this this component does not currently support
   function call invocation (2.1.2.4), or derivation from std::unary_function 
   / std::binary_function (2.1.2 paragraphs 3 and 4).</para>
</section>


