<?xml version="1.0" encoding="utf-8"?>
<!DOCTYPE library PUBLIC "-//Boost//DTD BoostBook XML V1.0//EN" 
"../../../tools/boostbook/dtd/boostbook.dtd">

<section id="tr1.regex">
   <title>Regular Expressions.</title>

   <programlisting>#include &lt;boost/tr1/regex.hpp&gt;</programlisting>
   <para>or</para>
   <programlisting>#include &lt;regex&gt;</programlisting>

   <para>This library provides comprehensive support for regular expressions,
   including either iterator or string based matching, searching, search-and-replace,
   iteration, and tokenization.  Both POSIX and ECMAScript (JavaScript) regular
   expressions are supported.  For more information see the <ulink url="../../libs/regex/index.html">
   Boost.Regex documentation</ulink>.</para>
   
   <programlisting>
namespace std {
namespace tr1 {

// [7.5] Regex constants
namespace regex_constants {

typedef bitmask_type syntax_option_type;
typedef bitmask_type match_flag_type;
typedef implementation-defined error_type;

} // namespace regex_constants

// [7.6] Class regex_error
class regex_error;

// [7.7] Class template regex_traits
template &lt;class charT&gt; struct regex_traits;

// [7.8] Class template basic_regex
template &lt;class charT, class traits = regex_traits&lt;charT&gt; &gt; 
class basic_regex;

typedef basic_regex&lt;char&gt; regex;
typedef basic_regex&lt;wchar_t&gt; wregex;

// [7.8.6] basic_regex swap
template &lt;class charT, class traits&gt;
void swap(basic_regex&lt;charT, traits&gt;&amp; e1,
          basic_regex&lt;charT, traits&gt;&amp; e2);
          
// [7.9] Class template sub_match
template &lt;class BidirectionalIterator&gt;
class sub_match;

typedef sub_match&lt;const char*&gt; csub_match;
typedef sub_match&lt;const wchar_t*&gt; wcsub_match;
typedef sub_match&lt;string::const_iterator&gt; ssub_match;
typedef sub_match&lt;wstring::const_iterator&gt; wssub_match;

// [7.9.2] sub_match non-member operators

/* Comparison operators omitted for clarity.... */

template &lt;class charT, class ST, class BiIter&gt;
basic_ostream&lt;charT, ST&gt;&amp;
   operator&lt;&lt;(basic_ostream&lt;charT, ST&gt;&amp; os, 
              const sub_match&lt;BiIter&gt;&amp; m);

// [7.10] Class template match_results
template &lt;class BidirectionalIterator,
          class Allocator = allocator&lt;sub_match&lt;BidirectionalIterator&gt; &gt; &gt;
class match_results;

typedef match_results&lt;const char*&gt; cmatch;
typedef match_results&lt;const wchar_t*&gt; wcmatch;
typedef match_results&lt;string::const_iterator&gt; smatch;
typedef match_results&lt;wstring::const_iterator&gt; wsmatch;

// match_results comparisons
template &lt;class BidirectionalIterator, class Allocator&gt;
bool operator== (const match_results&lt;BidirectionalIterator, Allocator&gt;&amp; m1,
                 const match_results&lt;BidirectionalIterator, Allocator&gt;&amp; m2);
template &lt;class BidirectionalIterator, class Allocator&gt;
bool operator!= (const match_results&lt;BidirectionalIterator, Allocator&gt;&amp; m1,
                 const match_results&lt;BidirectionalIterator, Allocator&gt;&amp; m2);

// [7.10.6] match_results swap
template &lt;class BidirectionalIterator, class Allocator&gt;
void swap(match_results&lt;BidirectionalIterator, Allocator&gt;&amp; m1,
          match_results&lt;BidirectionalIterator, Allocator&gt;&amp; m2);
          
// [7.11.2] Function template regex_match
template &lt;class BidirectionalIterator, class Allocator, class charT, class traits&gt;
bool regex_match(BidirectionalIterator first, 
                 BidirectionalIterator last,
                 match_results&lt;BidirectionalIterator, Allocator&gt;&amp; m,
                 const basic_regex&lt;charT, traits&gt;&amp; e,
                 regex_constants::match_flag_type flags = regex_constants::match_default);

template &lt;class BidirectionalIterator, class charT, class traits&gt;
bool regex_match(BidirectionalIterator first, 
                 BidirectionalIterator last,
                 const basic_regex&lt;charT, traits&gt;&amp; e,
                 regex_constants::match_flag_type flags = regex_constants::match_default);
                 
template &lt;class charT, class Allocator, class traits&gt;
bool regex_match(const charT* str, 
                 match_results&lt;const charT*, Allocator&gt;&amp; m,
                 const basic_regex&lt;charT, traits&gt;&amp; e,
                 regex_constants::match_flag_type flags = regex_constants::match_default);
                 
template &lt;class ST, class SA, class Allocator, class charT, class traits&gt;
bool regex_match(const basic_string&lt;charT, ST, SA&gt;&amp; s,
                 match_results&lt;typename basic_string&lt;charT, ST, SA&gt;::const_iterator,Allocator&gt;&amp; m,
                 const basic_regex&lt;charT, traits&gt;&amp; e,
                 regex_constants::match_flag_type flags = regex_constants::match_default);
                 
template &lt;class charT, class traits&gt;
bool regex_match(const charT* str,
                 const basic_regex&lt;charT, traits&gt;&amp; e,
                 regex_constants::match_flag_type flags = regex_constants::match_default);
                 
template &lt;class ST, class SA, class charT, class traits&gt;
bool regex_match(const basic_string&lt;charT, ST, SA&gt;&amp; s,
                 const basic_regex&lt;charT, traits&gt;&amp; e,
                 regex_constants::match_flag_type flags = regex_constants::match_default);
                 
// [7.11.3] Function template regex_search
template &lt;class BidirectionalIterator, class Allocator, class charT, class traits&gt;
bool regex_search(BidirectionalIterator first, 
                  BidirectionalIterator last,
                  match_results&lt;BidirectionalIterator, Allocator&gt;&amp; m,
                  const basic_regex&lt;charT, traits&gt;&amp; e,
                  regex_constants::match_flag_type flags = regex_constants::match_default);
                  
template &lt;class BidirectionalIterator, class charT, class traits&gt;
bool regex_search(BidirectionalIterator first, 
                  BidirectionalIterator last,
                  const basic_regex&lt;charT, traits&gt;&amp; e,
                  regex_constants::match_flag_type flags = regex_constants::match_default);
                  
template &lt;class charT, class Allocator, class traits&gt;
bool regex_search(const charT* str,
                  match_results&lt;const charT*, Allocator&gt;&amp; m,
                  const basic_regex&lt;charT, traits&gt;&amp; e,
                  regex_constants::match_flag_type flags = regex_constants::match_default);
                  
template &lt;class charT, class traits&gt;
bool regex_search(const charT* str,
                  const basic_regex&lt;charT, traits&gt;&amp; e,
                  regex_constants::match_flag_type flags = regex_constants::match_default);
                  
template &lt;class ST, class SA, class charT, class traits&gt;
bool regex_search(const basic_string&lt;charT, ST, SA&gt;&amp; s,
                  const basic_regex&lt;charT, traits&gt;&amp; e,
                  regex_constants::match_flag_type flags = regex_constants::match_default);
                  
template &lt;class ST, class SA, class Allocator, class charT, class traits&gt;
bool regex_search(const basic_string&lt;charT, ST, SA&gt;&amp; s,
                  match_results&lt;typename basic_string&lt;charT, ST, SA&gt;::const_iterator, Allocator&gt;&amp; m,
                  const basic_regex&lt;charT, traits&gt;&amp; e,
                  regex_constants::match_flag_type flags = regex_constants::match_default);
                  
// [7.11.4] Function template regex_replace
template &lt;class OutputIterator, class BidirectionalIterator, class traits, class charT&gt;
OutputIterator regex_replace(OutputIterator out,
                             BidirectionalIterator first, 
                             BidirectionalIterator last,
                             const basic_regex&lt;charT, traits&gt;&amp; e,
                             const basic_string&lt;charT&gt;&amp; fmt,
                             regex_constants::match_flag_type flags = regex_constants::match_default);
                             
template &lt;class traits, class charT&gt;
basic_string&lt;charT&gt; regex_replace(const basic_string&lt;charT&gt;&amp; s,
                                        const basic_regex&lt;charT, traits&gt;&amp; e,
                                        const basic_string&lt;charT&gt;&amp; fmt,
                                        regex_constants::match_flag_type flags = regex_constants::match_default);
                                        
// [7.12.1] Class template regex_iterator
template &lt;class BidirectionalIterator, 
          class charT = typename iterator_traits&lt;BidirectionalIterator&gt;::value_type,
          class traits = regex_traits&lt;charT&gt; &gt;
class regex_iterator;

typedef regex_iterator&lt;const char*&gt; cregex_iterator;
typedef regex_iterator&lt;const wchar_t*&gt; wcregex_iterator;
typedef regex_iterator&lt;string::const_iterator&gt; sregex_iterator;
typedef regex_iterator&lt;wstring::const_iterator&gt; wsregex_iterator;

// [7.12.2] Class template regex_token_iterator
template &lt;class BidirectionalIterator,
          class charT = typename iterator_traits&lt;BidirectionalIterator&gt;::value_type,
          class traits = regex_traits&lt;charT&gt; &gt;
class regex_token_iterator;

typedef regex_token_iterator&lt;const char*&gt; cregex_token_iterator;
typedef regex_token_iterator&lt;const wchar_t*&gt; wcregex_token_iterator;
typedef regex_token_iterator&lt;string::const_iterator&gt; sregex_token_iterator;
typedef regex_token_iterator&lt;wstring::const_iterator&gt; wsregex_token_iterator;

} // namespace tr1
} // namespace std
   </programlisting>

   <para><emphasis role="bold">Configuration:</emphasis>
   Define the macro BOOST_HAS_TR1_REGEX if your
   standard library implements this part of TR1.</para>

   <para><emphasis role="bold">Standard Conformity:</emphasis> 
   No known problems.</para>
</section>
