<?xml version="1.0" encoding="utf-8"?>
<!DOCTYPE library PUBLIC "-//Boost//DTD BoostBook XML V1.0//EN" 
"../../../tools/boostbook/dtd/boostbook.dtd">

<section id="tr1.result_of">
   <title>Class template result_of.</title>

   <programlisting>#include &lt;boost/tr1/functional.hpp&gt;</programlisting>
   <para>or</para>
   <programlisting>#include &lt;functional&gt;</programlisting>

   <para>The class template
   <code>result_of</code> helps determine the type of a
   call expression. Given an lvalue <code>f</code> of
   type <code>F</code> and lvalues <code>t1</code>,
   <code>t2</code>, ..., <code>tN</code> of
   types <code>T1</code>, <code>T2</code>, ...,
   <code>TN</code>, respectively, the type
   <code>result_of&lt;F(T1, T2, ...,
   TN)&gt;::type</code> defines the result type
   of the expression <code>f(t1, t2,
   ...,tN)</code>. The implementation permits
   the type <code>F</code> to be a function pointer,
   function reference, member function pointer, or class
   type.  For more information 
   <ulink url="../../libs/utility/utility.htm#result_of">
   refer to the Boost.Utility documentation.</ulink>
   </para>
   <programlisting>
namespace std {
namespace tr1 {

template &lt;class T&gt;
struct result_of
{
   typedef unspecified type;
};

} // namespace tr1
} // namespace std
   </programlisting>

   <para><emphasis role="bold">Configuration:</emphasis>
   Define the macro BOOST_HAS_TR1_RESULT_OF if your
   standard library implements this part of TR1.</para>

   <para><emphasis role="bold">Standard Conformity:</emphasis> 
   No known problems.</para>
</section>
