<?xml version="1.0" encoding="utf-8"?>
<!DOCTYPE library PUBLIC "-//Boost//DTD BoostBook XML V1.0//EN" 
"../../../tools/boostbook/dtd/boostbook.dtd">

<section id="tr1.ptrs">
   <title>Smart Pointers</title>
   <programlisting>#include &lt;boost/tr1/memory.hpp&gt;</programlisting>
   <para>or</para>
   <programlisting>#include &lt;memory&gt;</programlisting>

   <para>The <code>shared_ptr</code> class template stores a pointer to a dynamically allocated 
   object, typically with a C++ new-expression. The object pointed to is 
   guaranteed to be deleted when the last <code>shared_ptr</code> pointing to it is 
   destroyed or reset. For more information refer to the 
   <ulink url="../../libs/smart_ptr/shared_ptr.htm">shared_ptr</ulink> 
   and <ulink url="../../libs/smart_ptr/weak_ptr.htm">weak_ptr</ulink> documentation.
   </para>
   
   <programlisting>
namespace std {
namespace tr1 {

class bad_weak_ptr;

// [2.2.3] Class template shared_ptr
template&lt;class T&gt; class shared_ptr;

// [2.2.3.6] shared_ptr comparisons
template&lt;class T, class U&gt; bool operator==(shared_ptr&lt;T&gt; const&amp; a, shared_ptr&lt;U&gt; const&amp; b);
template&lt;class T, class U&gt; bool operator!=(shared_ptr&lt;T&gt; const&amp; a, shared_ptr&lt;U&gt; const&amp; b);
template&lt;class T, class U&gt; bool operator&lt;(shared_ptr&lt;T&gt; const&amp; a, shared_ptr&lt;U&gt; const&amp; b);

// [2.2.3.8] shared_ptr specialized algorithms
template&lt;class T&gt; void swap(shared_ptr&lt;T&gt;&amp; a, shared_ptr&lt;T&gt;&amp; b);

// [2.2.3.9] shared_ptr casts
template&lt;class T, class U&gt; shared_ptr&lt;T&gt; static_pointer_cast(shared_ptr&lt;U&gt; const&amp; r);
template&lt;class T, class U&gt; shared_ptr&lt;T&gt; dynamic_pointer_cast(shared_ptr&lt;U&gt; const&amp; r);
template&lt;class T, class U&gt; shared_ptr&lt;T&gt; const_pointer_cast(shared_ptr&lt;U&gt; const&amp; r);

// [2.2.3.7] shared_ptr I/O
template&lt;class E, class T, class Y&gt;
basic_ostream&lt;E, T&gt;&amp; operator&lt;&lt; (basic_ostream&lt;E, T&gt;&amp; os, shared_ptr&lt;Y&gt; const&amp; p);

// [2.2.3.10] shared_ptr get_deleter
template&lt;class D, class T&gt; D * get_deleter(shared_ptr&lt;T&gt; const&amp; p);

// [2.2.4] Class template weak_ptr
template&lt;class T&gt; class weak_ptr;

// [2.2.4.6] weak_ptr comparison
template&lt;class T, class U&gt; bool operator&lt;(weak_ptr&lt;T&gt; const&amp; a, weak_ptr&lt;U&gt; const&amp; b);

// [2.2.4.7] weak_ptr specialized algorithms
template&lt;class T&gt; void swap(weak_ptr&lt;T&gt;&amp; a, weak_ptr&lt;T&gt;&amp; b);

// [2.2.5] Class enable_shared_from_this
template&lt;class T&gt; class enable_shared_from_this;

} // namespace tr1
} // namespace std
   </programlisting>

   <para><emphasis role="bold">Configuration:</emphasis> 
   Define the macro BOOST_HAS_TR1_SHARED_PTR if your
   standard library implements this part of TR1.</para>

   <para><emphasis role="bold">Standard Conformity:</emphasis>
   There are no known deviations from the standard when 
   using the Boost version of this component.</para>
</section>

