<?xml version="1.0" encoding="utf-8"?>
<!DOCTYPE library PUBLIC "-//Boost//DTD BoostBook XML V1.0//EN" 
"../../../tools/boostbook/dtd/boostbook.dtd">

<section id="tr1.result_of">
   <title>Whatever.</title>

   <programlisting>#include &lt;boost/tr1/functional.hpp&gt;</programlisting>
   <para>or</para>
   <programlisting>#include &lt;functional&gt;</programlisting>

   <para></para>
   
   <programlisting>
namespace std {
namespace tr1 {


} // namespace tr1
} // namespace std
   </programlisting>

   <para><emphasis role="bold">Configuration:</emphasis>
   Define the macro BOOST_HAS_TR1_RESULT_OF if your
   standard library implements this part of TR1.</para>

   <para><emphasis role="bold">Standard Conformity:</emphasis> 
   No known problems.</para>
</section>
