<?xml version="1.0" encoding="utf-8"?>
<!DOCTYPE library PUBLIC "-//Boost//DTD BoostBook XML V1.0//EN" 
"../../../tools/boostbook/dtd/boostbook.dtd">

<library name="TR1" dirname="tr1" 
         xmlns:xi="http://www.w3.org/2001/XInclude" id="tr1" 
         last-revision="$Date: 2004/07/22 01:35:15 $">
<libraryinfo>
  <author>
    <firstname>John</firstname>
    <surname>Maddock</surname>
  </author>

  <copyright>
    <year>2005</year>
    <holder>John Maddock</holder>
  </copyright>

  <legalnotice>
    <para>Subject to the Boost Software License, Version 1.0. (See accompanying file
    <filename>LICENSE_1_0.txt</filename> or copy at <ulink
    url="http://www.boost.org/LICENSE_1_0.txt">http://www.boost.org/LICENSE_1_0.txt</ulink>)</para>
  </legalnotice>

  <librarypurpose>An implementation of the C++ Technical Report on Standard Library Extensions
  </librarypurpose>
  <librarycategory name="category:misc"/>
</libraryinfo>

<title>Boost.TR1</title>
<section id="tr1.intro">
  <title>Introduction</title>
	 
      <para>The TR1 library provides an implementation of the C++ Technical Report on Standard Library Extensions.
      This library does not itself implement the TR1 components, rather it's a thin wrapper that will 
      include your standard library's TR1 implementation (if it has one), otherwise it will include the Boost
       Library equivalents, and import them into namespace std::tr1.</para>
</section>
<section id="tr1.usage">
  <title>Usage</title>
      <para>There are two things you need to decide before using the Boost.TR1 library: 
      whether to use your standard library's native TR1 implementation (if it has one),
      and which include style to use.
      </para>
   <section id="tr1.native">
   <title>Whether to use Your Native TR1 Library</title>
         <para>If your standard library implements the TR1, and you want to make
         use of it, rather than use the Boost equivalents, then you will need to
         take some explicit action to enable it: this may be a pre-processor
         define, a special compiler switch, or a different include path.
         You will need to consult your compilers documentation to find out 
         which of these
         actions you need to take.</para>
         <para>Provided Boost is <link linkend="tr1.config">correctly configured</link>, everything should
         now "just work", and code written to use Boost.TR1 will include
         your standard library's native headers rather than the Boost ones.</para>
   </section>
   <section id="tr1.include-style">
   <title>Header Include Style</title>
      <para>There are two ways you can include the Boost.TR1 headers, 
      for example if you are interested in shared_ptr then you can either use:</para>
      <programlisting>#include &lt;boost/tr1/memory.hpp&gt;</programlisting>
      <para>or:</para>
      <programlisting>#include &lt;memory&gt;</programlisting>
      <para>The first option is the preferred method for other Boost libraries
      to use.  The second option is standard-conforming, but requires that you
      add boost-install-path/boost/tr1/tr1 to your compiler's include search path.  
      Note that you must not copy the headers in boost/tr1/tr1 into a directory
      called "include", doing will cause them to cease working.</para>
   </section>
</section>
<section id="tr1.config">
<title>Configuration</title>
<para>Configuring Boost.TR1 is no different to configuring any other part of
Boost; in the majority of cases you shouldn't actually need to do anything at all.
However, because Boost.TR1 will inject Boost components into namespace std::tr1
it is more than usually sensitive to an incorrect configuration.</para>
<para>The configuration macros used by each TR1 component are documented in each
library section, but defining BOOST_HAS_TR1 will turn on native TR1 support
for everything (if your standard library has it), which can act as a 
convenient shortcut.</para>
</section>
<section id="tr1.subject-list">
<title>TR1 By Subject</title>
   <xi:include href="reference_wrapper.xml"/>
   <xi:include href="shared_ptr.xml"/>
   <xi:include href="result_of.xml"/>
   <xi:include href="mem_fn.xml"/>
   <xi:include href="bind.xml"/>
   <xi:include href="function.xml"/>
   <xi:include href="type_traits.xml"/>
   <xi:include href="random.xml"/>
   <xi:include href="special.xml"/>
   <xi:include href="tuple.xml"/>
   <xi:include href="utility.xml"/>
   <xi:include href="array.xml"/>
   <xi:include href="hash.xml"/>
   <xi:include href="unordered_set.xml"/>
   <xi:include href="unordered_map.xml"/>
   <xi:include href="regex.xml"/>
   <xi:include href="complex.xml"/>
   <xi:include href="complex_trig.xml"/>
</section>

<section id="tr1.header-list">
<title>TR1 By Header</title>
   <section id="tr1.array_header">
      <title>&lt;array&gt;</title>
      <para>See: <xref linkend="tr1.array"/></para>
   </section>
   <section id="tr1.cmath_header">
      <title>&lt;cmath&gt;</title>
      <para>See: <xref linkend="tr1.special"/></para>
   </section>
   <section id="tr1.complex_header">
      <title>&lt;complex&gt;</title>
      <para>See: <xref linkend="tr1.complex"/></para>
      <para>See: <xref linkend="tr1.complex_trig"/></para>
   </section>
   <section id="tr1.functional">
      <title>&lt;functional&gt;</title>
      <para>See: <xref linkend="tr1.ref"/></para>
      <para>See: <xref linkend="tr1.result_of"/></para>
      <para>See: <xref linkend="tr1.mem_fn"/></para>
      <para>See: <xref linkend="tr1.bind"/></para>
      <para>See: <xref linkend="tr1.function"/></para>
      <para>See: <xref linkend="tr1.hash"/></para>
   </section>
   <section id="tr1.memory">
      <title>&lt;memory&gt;</title>
      <para>See: <xref linkend="tr1.ptrs"/></para>
   </section>
   <section id="tr1.random_header">
      <title>&lt;random&gt;</title>
      <para>See: <xref linkend="tr1.random"/></para>
   </section>
   <section id="tr1.regex_header">
      <title>&lt;regex&gt;</title>
      <para>See: <xref linkend="tr1.regex"/></para>
   </section>
   <section id="tr1.tuple_header">
      <title>&lt;tuple&gt;</title>
      <para>See: <xref linkend="tr1.tuple"/></para>
   </section>
   <section id="tr1.type_traits_header">
      <title>&lt;type_traits&gt;</title>
      <para>See: <xref linkend="tr1.type_traits"/></para>
   </section>
   <section id="tr1.unordered_map_header">
      <title>&lt;unordered_map&gt;</title>
      <para>See: <xref linkend="tr1.unordered_map"/></para>
   </section>
   <section id="tr1.unordered_set_header">
      <title>&lt;unordered_set&gt;</title>
      <para>See: <xref linkend="tr1.unordered_set"/></para>
   </section>
   <section id="tr1.utility_header">
      <title>&lt;utility&gt;</title>
      <para>See: <xref linkend="tr1.utility"/></para>
   </section>
</section>

<section id="tr1.implementation">
   <title>Implementation</title>
   <para>When Boost.TR1 is <link linkend="tr1.config">configured</link> to make use of your standard library's
   native TR1 implementation, then it doesn't do very much: it just includes
   the appropriate header.</para>
   <para>When Boost.TR1 is using the Boost implementation of a particular
   component, then it includes the appropriate Boost header(s) and imports
   the necessary declarations in namespace std::tr1 with using declarations.
   Note that only those declarations that are part of the standard are imported:
   the implementation is deliberately quite strict about not including any 
   Boost-specific extensions in namespace std::tr1, in order to catch any
   portability errors in user code.  If you really need to use Boost-specific
   extensions then you should include the Boost headers directly and use the
   declarations in namespace boost:: instead.  Note that this style of implementation
   is not completely standards-conforming, in particular it is not possible
   to add user-defined template specializations of TR1 components
   into namespace std::tr1.  There are also one or two Boost libraries that are not
   yet fully standards conforming, any such non-conformities are documented in 
   <xref linkend="tr1.subject-list"/>.  Hopefully, occurrences of non-standard 
   behavior should be extremely rare in practice however.</para>
   <para>If you use the standard conforming header includes (in boost/tr1/tr1)
   then these header names can sometimes conflict with existing standard library
   headers (for example <code>shared_ptr</code> is added to the existing 
   standard library header
   <code>&lt;memory&gt;</code> rather than it's own header).  These headers 
   forward on to your existing standard library header in one of two ways: for
   gcc it uses <code>#include_next</code>, and for other compilers it uses the
   macro <code>BOOST_TR1_STD_HEADER(header)</code> (defined in 
   <ulink url="../../boost/tr1/detail/config.hpp">
   boost/tr1/detail/config.hpp</ulink>)
   which evaluates to <code>#include &lt;../include/header&gt;</code>.  This
   should work "straight out the box" for most compilers, but does mean that
   these headers should <emphasis>never</emphasis> be placed inside a 
   directory called "include"
   that is already in your compiler's search path.</para>
</section>

<section id="tr1.testing">
   <title>Testing</title>
   <para>The test suite for Boost.TR1 is relatively lightweight; tests have been
   added to the Boost.Config test suite for each new configuration macro, and
   each TR1 component has a very short concept check test added.  The concept test
   programs are designed only to verify that all the TR1 components 
   that are
   supposed to be in namespace std::tr1 are indeed present and have standards
   conforming interfaces.  There are a few test programs (those which end in the suffix 
   "_tricky") which do not currently compile with the Boost.TR1 implementation, because the
   relevant Boost libraries have not yet implemented the features tested; hopefully
   these incompatibilities will be removed in future releases.</para>
   <para>The concept tests do not take account of compiler defects (quite deliberately
   so); the intent is that the tests can be used to verify conformance with the
   standard, both for Boost code, and for third part implementations.  Consequently
   very many of these tests are known to fail with older compilers.  This should
   not be taken as evidence that these compilers can not be used at all with Boost.TR1,
   simply that there are features missing that make those compilers non-conforming.</para>
   <para>Full runtime tests for TR1 components are not in general part of this
   test suite, however, it is hoped that the Boost.TR1 component authors will make 
   their regular test suites compile with the standards conforming headers as well
   as the Boost-specific ones. This will allow these tests to be used against the standard 
   library's own TR1 implementation as well as the Boost one.</para>
</section>

</library>


