<?xml version="1.0" encoding="utf-8"?>
<!DOCTYPE library PUBLIC "-//Boost//DTD BoostBook XML V1.0//EN" 
"../../../tools/boostbook/dtd/boostbook.dtd">

<section id="tr1.tuple">
   <title>Tuples.</title>

   <programlisting>#include &lt;boost/tr1/tuple.hpp&gt;</programlisting>
   <para>or</para>
   <programlisting>#include &lt;tuple&gt;</programlisting>

   <para>A tuple is a fixed size collection of elements. 
Pairs, triples, quadruples etc. are tuples. 
In a programming language, a tuple is a data object containing other objects as elements. 
These element objects may be of different types.
Tuples are convenient in many circumstances. 
For instance, tuples make it easy to define functions that return more than one value.
Some programming languages, such as ML, Python and Haskell, have built-in tuple constructs. 
Unfortunately C++ does not.
To compensate for this "deficiency", the TR1 Tuple Library implements a tuple construct using templates.
For more information see the <ulink url="../../libs/tuple/index.html">Boost Tuple Library Documentation</ulink>.
</para>
   
   <programlisting>
namespace std {
namespace tr1 {

// [6.1.3] Class template tuple
template &lt;class T1 = unspecified ,
class T2 = unspecified ,
...,
class TM = unspecified &gt; class tuple;

// [6.1.3.2] Tuple creation functions
const unspecified ignore;

template&lt;class T1, class T2, ..., class TN&gt;
tuple&lt;V1, V2, ..., VN&gt; make_tuple(const T1&amp;, const T2&amp; , ..., const TN&amp;);

6.1 Tuple types Containers 80
template&lt;class T1, class T2, ..., class TN&gt;
tuple&lt;T1&amp;, T2&amp;, ..., TN&amp;&gt; tie(T1&amp;, T2&amp; , ..., TN&amp;);

// [6.1.3.3] Tuple helper classes
template &lt;class T&gt; class tuple_size;
template &lt;int I, class T&gt; class tuple_element;

// [6.1.3.4] Element access
template &lt;int I, class T1, class T2, ..., class TN&gt;
RI get(tuple&lt;T1, T2, ..., TN&gt;&amp;);
template &lt;int I, class T1, class T2, ..., class TN&gt;
PI get(const tuple&lt;T1, T2, ..., TN&gt;&amp;);

// [6.1.3.5] relational operators
template&lt;class T1, class T2, ..., class TM, class U1, class U2, ..., class UM&gt;
bool operator==(const tuple&lt;T1, T2, ..., TM&gt;&amp;, const tuple&lt;U1, U2, ..., UM&gt;&amp;);
template&lt;class T1, class T2, ..., class TM, class U1, class U2, ..., class UM&gt;
bool operator&lt;(const tuple&lt;T1, T2, ..., TM&gt;&amp;, const tuple&lt;U1, U2, ..., UM&gt;&amp;);
template&lt;class T1, class T2, ..., class TM, class U1, class U2, ..., class UM&gt;
bool operator!=(const tuple&lt;T1, T2, ..., TM&gt;&amp;, const tuple&lt;U1, U2, ..., UM&gt;&amp;);
template&lt;class T1, class T2, ..., class TM, class U1, class U2, ..., class UM&gt;
bool operator&gt;(const tuple&lt;T1, T2, ..., TM&gt;&amp;, const tuple&lt;U1, U2, ..., UM&gt;&amp;);
template&lt;class T1, class T2, ..., class TM, class U1, class U2, ..., class UM&gt;
bool operator&lt;=(const tuple&lt;T1, T2, ..., TM&gt;&amp;, const tuple&lt;U1, U2, ..., UM&gt;&amp;);
template&lt;class T1, class T2, ..., class TM, class U1, class U2, ..., class UM&gt;
bool operator&gt;=(const tuple&lt;T1, T2, ..., TM&gt;&amp;, const tuple&lt;U1, U2, ..., UM&gt;&amp;);

} // namespace tr1
} // namespace std
   </programlisting>

   <para><emphasis role="bold">Configuration:</emphasis>
   Define the macro BOOST_HAS_TR1_TUPLE if your
   standard library implements this part of TR1.</para>

   <para><emphasis role="bold">Standard Conformity:</emphasis> 
   Interoperability withy std::pair is only partially supported.</para>
</section>
