<?xml version="1.0" encoding="utf-8"?>
<!DOCTYPE library PUBLIC "-//Boost//DTD BoostBook XML V1.0//EN" 
"../../../tools/boostbook/dtd/boostbook.dtd">

<section id="tr1.type_traits">
   <title>Type Traits.</title>

   <programlisting>#include &lt;boost/tr1/type_traits.hpp&gt;</programlisting>
   <para>or</para>
   <programlisting>#include &lt;type_traits&gt;</programlisting>

   <para>Type traits enable generic code to access the fundamental properties
   of a type, to determine the relationship between two types, or to
   transform one type into another related type.  For more information
   refer to the <ulink url="../../libs/type_traits/index.html">Boost.Type_traits documentation</ulink>.</para>
   
   <programlisting>
namespace std {
namespace tr1 {

template &lt;class T, T v&gt; struct integral_constant;

typedef integral_constant&lt;bool, true&gt; true_type;
typedef integral_constant&lt;bool, false&gt; false_type;

// [4.5.1] primary type categories:
template &lt;class T&gt; struct is_void;
template &lt;class T&gt; struct is_integral;
template &lt;class T&gt; struct is_floating_point;
template &lt;class T&gt; struct is_array;
template &lt;class T&gt; struct is_pointer;
template &lt;class T&gt; struct is_reference;
template &lt;class T&gt; struct is_member_object_pointer;
template &lt;class T&gt; struct is_member_function_pointer;
template &lt;class T&gt; struct is_enum;
template &lt;class T&gt; struct is_union;
template &lt;class T&gt; struct is_class;
template &lt;class T&gt; struct is_function;

// [4.5.2] composite type categories:
template &lt;class T&gt; struct is_arithmetic;
template &lt;class T&gt; struct is_fundamental;
template &lt;class T&gt; struct is_object;
template &lt;class T&gt; struct is_scalar;
template &lt;class T&gt; struct is_compound;
template &lt;class T&gt; struct is_member_pointer;

// [4.5.3] type properties:
template &lt;class T&gt; struct is_const;
template &lt;class T&gt; struct is_volatile;
template &lt;class T&gt; struct is_pod;
template &lt;class T&gt; struct is_empty;
template &lt;class T&gt; struct is_polymorphic;
template &lt;class T&gt; struct is_abstract;
template &lt;class T&gt; struct has_trivial_constructor;
template &lt;class T&gt; struct has_trivial_copy;
template &lt;class T&gt; struct has_trivial_assign;
template &lt;class T&gt; struct has_trivial_destructor;
template &lt;class T&gt; struct has_nothrow_constructor;
template &lt;class T&gt; struct has_nothrow_copy;
template &lt;class T&gt; struct has_nothrow_assign;
template &lt;class T&gt; struct has_virtual_destructor;
template &lt;class T&gt; struct is_signed;
template &lt;class T&gt; struct is_unsigned;
template &lt;class T&gt; struct alignment_of;
template &lt;class T&gt; struct rank;
template &lt;class T, unsigned I = 0&gt; struct extent;

// [4.6] type relations:
template &lt;class T, class U&gt; struct is_same;
template &lt;class Base, class Derived&gt; struct is_base_of;
template &lt;class From, class To&gt; struct is_convertible;

// [4.7.1] const-volatile modifications:
template &lt;class T&gt; struct remove_const;
template &lt;class T&gt; struct remove_volatile;
template &lt;class T&gt; struct remove_cv;
template &lt;class T&gt; struct add_const;
template &lt;class T&gt; struct add_volatile;
template &lt;class T&gt; struct add_cv;

// [4.7.2] reference modifications:
template &lt;class T&gt; struct remove_reference;
template &lt;class T&gt; struct add_reference;

// [4.7.3] array modifications:
template &lt;class T&gt; struct remove_extent;
template &lt;class T&gt; struct remove_all_extents;

// [4.7.4] pointer modifications:
template &lt;class T&gt; struct remove_pointer;
template &lt;class T&gt; struct add_pointer;

// [4.8] other transformations:
template &lt;std::size_t Len, std::size_t Align&gt; struct aligned_storage;

} // namespace tr1
} // namespace std
   </programlisting>

   <para><emphasis role="bold">Configuration:</emphasis>
   Define the macro BOOST_HAS_TR1_TYPE_TRAITS if your
   standard library implements this part of TR1.</para>

   <para><emphasis role="bold">Standard Conformity:</emphasis> 
   No known problems.</para>
</section>
