<?xml version="1.0" encoding="utf-8"?>
<!DOCTYPE library PUBLIC "-//Boost//DTD BoostBook XML V1.0//EN" 
"../../../tools/boostbook/dtd/boostbook.dtd">

<section id="tr1.unordered_map">
   <title>Unordered Associative Map (Hash Table).</title>

   <programlisting>#include &lt;boost/tr1/unordered_map.hpp&gt;</programlisting>
   <para>or</para>
   <programlisting>#include &lt;unordered_map&gt;</programlisting>

   <para>This is not currently supported by Boost, although that situation is
   hoped to change soon.</para>
   
   <programlisting>
namespace std {
namespace tr1 {

// [6.3.4.4] Class template unordered_map
template &lt;class Key,
          class T,
          class Hash = hash&lt;Key&gt;,
          class Pred = std::equal_to&lt;Key&gt;,
          class Alloc = std::allocator&lt;std::pair&lt;const Key, T&gt; &gt; &gt;
class unordered_map;

// [6.3.4.6] Class template unordered_multimap
template &lt;class Key,
          class T,
          class Hash = hash&lt;Key&gt;,
          class Pred = std::equal_to&lt;Key&gt;,
          class Alloc = std::allocator&lt;std::pair&lt;const Key, T&gt; &gt; &gt;
class unordered_multimap;

template &lt;class Key, class T, class Hash, class Pred, class Alloc&gt;
void swap(unordered_map&lt;Key, T, Hash, Pred, Alloc&gt;&amp; x,
          unordered_map&lt;Key, T, Hash, Pred, Alloc&gt;&amp; y);
          
template &lt;class Key, class T, class Hash, class Pred, class Alloc&gt;
void swap(unordered_multimap&lt;Key, T, Hash, Pred, Alloc&gt;&amp; x,
          unordered_multimap&lt;Key, T, Hash, Pred, Alloc&gt;&amp; y);

} // namespace tr1
} // namespace std
   </programlisting>

   <para><emphasis role="bold">Configuration:</emphasis>
   Define the macro BOOST_HAS_TR1_UNORDERED_MAP if your
   standard library implements this part of TR1.</para>

   <para><emphasis role="bold">Standard Conformity:</emphasis> 
   Not supported.</para>
</section>
