<?xml version="1.0" encoding="utf-8"?>
<!DOCTYPE library PUBLIC "-//Boost//DTD BoostBook XML V1.0//EN" 
"../../../tools/boostbook/dtd/boostbook.dtd">

<section id="tr1.unordered_set">
   <title>Unordered Associative Set (Hash Table).</title>

   <programlisting>#include &lt;boost/tr1/unordered_set.hpp&gt;</programlisting>
   <para>or</para>
   <programlisting>#include &lt;unordered_set&gt;</programlisting>

   <para>This is not currently supported by Boost, although that situation is
   hoped to change soon.</para>
   
   <programlisting>
namespace std {
namespace tr1 {

template &lt;class Value, 
          class Hash = hash&lt;Value&gt;, 
          class Pred = std::equal_to&lt;Value&gt;,
          class Alloc = std::allocator&lt;Value&gt; &gt;
class unordered_set;

// [6.3.4.5] Class template unordered_multiset
template &lt;class Value,
          class Hash = hash&lt;Value&gt;,
          class Pred = std::equal_to&lt;Value&gt;,
          class Alloc = std::allocator&lt;Value&gt; &gt;
class unordered_multiset;

template &lt;class Value, class Hash, class Pred, class Alloc&gt;
void swap(unordered_set&lt;Value, Hash, Pred, Alloc&gt;&amp; x,
          unordered_set&lt;Value, Hash, Pred, Alloc&gt;&amp; y);
          
template &lt;class Value, class Hash, class Pred, class Alloc&gt;
void swap(unordered_multiset&lt;Value, Hash, Pred, Alloc&gt;&amp; x,
          unordered_multiset&lt;Value, Hash, Pred, Alloc&gt;&amp; y);

} // namespace tr1
} // namespace std
   </programlisting>

   <para><emphasis role="bold">Configuration:</emphasis>
   Define the macro BOOST_HAS_TR1_UNORDERED_SET if your
   standard library implements this part of TR1.</para>

   <para><emphasis role="bold">Standard Conformity:</emphasis> 
   Not supported.</para>
</section>
