<?xml version="1.0" encoding="utf-8"?>
<!DOCTYPE library PUBLIC "-//Boost//DTD BoostBook XML V1.0//EN" 
"../../../tools/boostbook/dtd/boostbook.dtd">

<section id="tr1.utility">
   <title>Tuple Interface to std::pair.</title>

   <programlisting>#include &lt;boost/tr1/utility.hpp&gt;</programlisting>
   <para>or</para>
   <programlisting>#include &lt;utility&gt;</programlisting>

   <para>The existing class template std::pair, can also be accessed using the 
   <link linkend="tr1.tuple">tuple interface</link>.</para>
   
   <programlisting>
namespace std {
namespace tr1 {

template &lt;class T&gt; class tuple_size; // forward declaration
template &lt;int I, class T&gt; class tuple_element; // forward declaration
template &lt;class T1, class T2&gt; struct tuple_size&lt;std::pair&lt;T1, T2&gt; &gt;;
template &lt;class T1, class T2&gt; struct tuple_element&lt;0, std::pair&lt;T2, T2&gt; &gt;;
template &lt;class T1, class T2&gt; struct tuple_element&lt;1, std::pair&lt;T2, T2&gt; &gt;;
// see below for definition of “P”.
template&lt;int I, class T1, class T2&gt; P&amp; get(std::pair&lt;T1, T2&gt;&amp;);
template&lt;int I, class T1, class T2&gt; const P&amp; get(const std::pair&lt;T1, T2&gt;&amp;);

} // namespace tr1
} // namespace std
   </programlisting>

   <para><emphasis role="bold">Configuration:</emphasis>
   Define the macro BOOST_HAS_TR1_UTILITY if your
   standard library implements this part of TR1.</para>

   <para><emphasis role="bold">Standard Conformity:</emphasis> 
   No known problems.</para>
</section>
